sku;назва;тип;одиниця;ррц;уктзед;штрихкод;вага_г;стаття_витрат
00-00000084;Гигрометр психометричний;raw;pcs;;;;;
00-00000081;Контейнер для відходів 45л;raw;pcs;;;;;
00-00000091;Кріплення для ПК;raw;pcs;;;;;
00-00000203;Кутер Frosty HR-6;raw;pcs;;;;;
00-00000120;Ложка гарнірна;raw;pcs;;;;;
00-00000204;Машина темперуюча модель PLUS EX (глазурований візок);raw;pcs;;;;;
00-00000094;Миска 24см 3Л;raw;pcs;;;;;
00-00000095;Миска 28см 4.5Л;raw;pcs;;;;;
00-00000090;Монітор Asus;raw;pcs;;;;;
00-00000089;Ніж дисковий;raw;pcs;;;;;
00-00000096;Ніж кухарський 200мм;raw;pcs;;;;;
00-00000645;Ніж кухарський 250мм;raw;pcs;;;;;
00-00000205;Пакувальна машина флоупак + теродатер;raw;pcs;;;;;
00-00000250;Панельний обігрівач Венеция ПКК 1400;raw;pcs;;;;;
00-00000075;Підпятник для стола;raw;pcs;;;;;
00-00000074;Плита індукціонна HURAKAN;raw;pcs;;;;;
00-00000082;Принтер для етикеток;raw;pcs;;;;;
00-00000083;Силовий кабель;raw;pcs;;;;;
00-00000087;Сито 350мм;raw;pcs;;;;;
00-00000080;Сміттєвий Контейнер 120л;raw;pcs;;;;;
00-00000076;Стелаж;raw;pcs;;;;;
00-00000072;Темпер з ручкою;raw;pcs;;;;;
00-00000097;Тримач для ножів магніт;raw;pcs;;;;;
00-00000098;Чаша Мірна 1Л;raw;pcs;;;;;
00-00000099;Чаша Мірна 2Л;raw;pcs;;;;;
00-00000088;Шпатель;raw;pcs;;;;;
00-00000073;Штанцформа 200х118х65;service;pcs;;;;;services
00-00000150;Бахіли;raw;pack;;;;;
00-00000634;Білизна;raw;pcs;;;;;
00-00000217;Блендер Philips;raw;pcs;;;;;
00-00000232;Будівельний Фен STARK;raw;pcs;;;;;
00-00000226;Ваги Електронні Центровес 30 кг;raw;pcs;;;;;
00-00000227;Ваги Електронні Центровес 6 кг ТЗДВ;raw;pcs;;;;;
00-00000566;Ваги торгові ВТД-15;raw;pcs;;;;;
00-00000078;Візок червоний;raw;pcs;;;;;
00-00000498;Госп.товари;service;pcs;;;;;services
00-00000140;Гофроящик 600*266*140;packaging;pcs;;;;;
00-00000646;Гофроящик 650*650*600;packaging;pcs;;;;;
00-00000102;Губки кухонні;raw;pack;;;;;
00-00000145;Дезінфекційний килим;raw;pcs;;;;;
00-00000139;Дизинфікуючий засіб;raw;pcs;;;;;
00-00000110;Диспенсер для рушників;raw;pcs;;;;;
00-00000666;Дісплей;raw;pcs;;;;;
00-00000617;Етикетка 30*20;packaging;pcs;;;;;
00-00000616;Етикетка коло 30 поліпропілен;packaging;pcs;;;;;
00-00000640;Засіб для прочищення труб;raw;pcs;;;;;
00-00000230;Калькулятор;raw;pcs;;;;;
00-00000127;Канцтовари;raw;pcs;;;;;
00-00000308;Комплект ф\ф пакувальний Winetime цукерка зі смаком арахісу;raw;pcs;;;;;
00-00000310;Комплект ф\ф пакувальний Winetime цукерка зі смаком карамелі;raw;pcs;;;;;
00-00000309;Комплект ф\ф пакувальний Winetime цукерка зі смаком печива;raw;pcs;;;;;
00-00000311;Комплект ф\ф пакувальний Winetime цукерка зі смаком фундука;raw;pcs;;;;;
00-00000218;Комплект ф\ф пакувальний банан;raw;pcs;;;;;
00-00000225;Комплект ф\ф пакувальний Вишня марципан;raw;pcs;;;;;
00-00000313;Комплект ф\ф пакувальний з апельсиновим мармеладом;raw;pcs;;;;;
00-00000314;Комплект ф\ф пакувальний з фундуком зі смаком полуниці;raw;pcs;;;;;
00-00000219;Комплект ф\ф пакувальний кешью;raw;pcs;;;;;
00-00000595;Комплект ф\ф пакувальний матеріал Батончик з вітаміном D3;raw;pcs;;;;;
00-00000598;Комплект ф\ф пакувальний матеріал Батончик з вітаміном В12;raw;pcs;;;;;
00-00000593;Комплект ф\ф пакувальний матеріал Батончик з гуараною;raw;pcs;;;;;
00-00000596;Комплект ф\ф пакувальний матеріал Батончик з колагеном фісташка;raw;pcs;;;;;
00-00000592;Комплект ф\ф пакувальний матеріал Батончик з магнієм;raw;pcs;;;;;
00-00000594;Комплект ф\ф пакувальний матеріал Батончик з омега3;raw;pcs;;;;;
00-00000597;Комплект ф\ф пакувальний матеріал Батончик з пептидами кокос;raw;pcs;;;;;
00-00000224;Комплект ф\ф пакувальний Мята;raw;pcs;;;;;
00-00000220;Комплект ф\ф пакувальний Печиво карамель;raw;pcs;;;;;
00-00000312;Комплект ф\ф пакувальний Печиво карамель 2;raw;pcs;;;;;
00-00000223;Комплект ф\ф пакувальний фундук;raw;pcs;;;;;
00-00000221;Комплект ф\ф пакувальний Шоко банан;raw;pcs;;;;;
00-00000222;Комплект ф\ф пакувальний шоко фундук;raw;pcs;;;;;
00-00000491;Коробка Пошти 15кг;packaging;pcs;;;;;
00-00000490;Коробка Пошти 3кг;packaging;pcs;;;;;
00-00000141;Коробка самозбірна 310*210*100;packaging;pcs;;;;;
00-00000183;Лінійка;raw;pcs;;;;;
00-00000125;Ложка столова;raw;pcs;;;;;
00-00000153;Маркер;raw;pcs;;;;;
00-00000630;Маска медична;raw;pack;;;;;
00-00000130;Миючий засіб;raw;pcs;;;;;
00-00000106;Мішки для сміття 160л;raw;pcs;;;;;
00-00000639;Мішки для сміття 240л;raw;pcs;;;;;
00-00000107;Мішки для сміття 35л;raw;pcs;;;;;
00-00000079;Мухоловка Електрична;raw;pcs;;;;;
00-00000161;Наліпка без цукру;raw;pcs;;;;;
00-00000126;Ніж Кух 100мм для чищення;raw;pcs;;;;;
00-00000124;Ножиці кухонні 195 мм;raw;pcs;;;;;
00-00000182;Обігрівач Екотепло;raw;pcs;;;;;
00-00000171;Олівець простий;raw;pcs;;;;;
00-00000494;Палета;raw;pcs;;;;;
00-00000151;Папір А4;raw;pcs;;;;;
00-00000602;Папір пергамент;raw;kg;;;;;
00-00000108;Папір пергамент білий 50*38;raw;pcs;;;;;
00-00000176;Пергамент SELMI;raw;pcs;;;;;
00-00000266;Переноска 5 м 18 ампер;raw;pcs;;;;;
00-00000231;Пірометр безконтактний;raw;pcs;;;;;
00-00000070;Плівка для вікн;packaging;pcs;;;;;
00-00000112;Принтер XP-235B;raw;pcs;;;;;
00-00000633;Рідина для посуду;raw;pcs;;;;;
00-00000488;Розмотувач для скотчу;packaging;pcs;;;;;
00-00000635;Рукавички гумові М;raw;pcs;;;;;
00-00000637;Рукавички одноразові вініл М;raw;pack;;;;;
00-00000632;Рукавички одноразові нітріл Л;raw;pack;;;;;
00-00000631;Рукавички одноразові нітріл М;raw;pack;;;;;
00-00000170;Ручка звичайна;raw;pcs;;;;;
00-00000629;Серветка мікрофібра;raw;pack;;;;;
00-00000103;Серветки Мікрофібра;raw;pcs;;;;;
00-00000131;Скотч (стрічка липка);packaging;pcs;;;;;
00-00000109;Скребок металевий (йоршик);raw;pcs;;;;;
00-00000152;Стикері канцтовар;raw;pcs;;;;;
00-00000489;Стрейч плівка;packaging;pcs;;;;;
00-00000487;Сумка;raw;pcs;;;;;
00-00000233;Таймер кухонний;raw;pcs;;;;;
00-00000514;Термоетикетка 101*101,5;packaging;pcs;;;;;
00-00000148;Термоетикетка 2*3;packaging;pcs;;;;;
00-00000149;Термоетикетка 24*14;packaging;pcs;;;;;
00-00000515;Термоетикетка 30*30;packaging;pcs;;;;;
00-00000229;Термометр (Щуп);raw;pcs;;;;;
00-00000071;форма кондитерська квадрат 180х180;raw;pcs;;;;;
00-00000093;Халат медичний;raw;pcs;;;;;
00-00000092;Шапочка-берет;raw;pcs;;;;;
00-00000077;Ящик транс сірий;raw;pcs;;;;;
00-00000123;Лопатка кондитерська;raw;pcs;;;;;
00-00000207;Алюмінієве деко BRILLIS 400х500х30, 1.2мм;raw;pcs;;;;;
00-00000285;Ваги ВТД 30 ФД;raw;pcs;;;;;
00-00000121;Дошка обробна 500*300*20 мм;raw;pcs;;;;;
00-00000115;Каструля 16*16;raw;pcs;;;;;
00-00000116;Каструля 20*14;raw;pcs;;;;;
00-00000117;Каструля 28*18 11л;raw;pcs;;;;;
00-00000237;Контейнер пластиковий харч. 15л;raw;pcs;;;;;
00-00000236;Контейнер пластиковий харч. 21л;raw;pcs;;;;;
00-00000235;Контейнер пластиковий харч. 27л;raw;pcs;;;;;
00-00000239;Контейнер пластиковий харч. 2л;raw;pcs;;;;;
00-00000238;Контейнер пластиковий харч. 5.5л;raw;pcs;;;;;
00-00000234;Контейнер пластиковий харч.10л;raw;pcs;;;;;
00-00000086;Кришка чорна 38мм;packaging;pcs;;;;;
00-00000118;Миска 22 см;raw;pcs;;;;;
00-00000119;Миска 38 см;raw;pcs;;;;;
00-00000122;Скребок пластиковий 215*130;raw;pcs;;;;;
00-00000211;Стелаж кондитерський шпилька 460х610х1800 (під деко 600*400) на 18 рівнів з колесами (2+2 стопори);raw;pcs;;;;;
00-00000475;амінокислота L-Теанін;raw;kg;;;;;
00-00000474;амінокислота L-Тирозин;raw;kg;;;;;
00-00000421;Вітамін С;raw;kg;;;;;
00-00000466;гіалуронова кислота;raw;kg;;;;;
00-00000479;екстракт ашваганди;raw;kg;;;;;
00-00000470;екстракт імбиру;raw;kg;;;;;
00-00000468;екстракт спіруліни порошок;raw;kg;;;;;
00-00000357;Колаген морський premium;raw;kg;;;;;
00-00000612;кориця;raw;kg;;;;;
00-00000471;куркума;raw;kg;;;;;
00-00000472;лимон цедра (порошок);raw;kg;;;;;
00-00000478;магній бісгліцинат;raw;kg;;;;;
00-00000366;Матча зелена;raw;kg;;;;;
00-00000477;мелатонін;raw;kg;;;;;
00-00000469;насіння льону;raw;kg;;;;;
00-00000476;насіння чіа;raw;kg;;;;;
00-00000481;натуральна олія лаванди;raw;kg;;;;;
00-00000473;натуральна олія лимонна;raw;kg;;;;;
00-00000367;Порошок юзу;raw;kg;;;;;
00-00000480;ромашки порошок;raw;kg;;;;;
00-00000378;Сублімована вишня половинки;raw;kg;;;;;
00-00000369;Сублімована малина порошок;raw;kg;;;;;
00-00000377;Сублімована ожина порошок;raw;kg;;;;;
00-00000368;Сублімована полуниця порошок;raw;kg;;;;;
00-00000467;ягоди асаї;raw;kg;;;;;
00-00000185;Арахіс;raw;kg;;;;;
00-00000521;Гречане борошно;raw;kg;;;;;
00-00000012;Кеш'ю горіх;raw;kg;;;;;
00-00000376;Кунжут білий;raw;kg;;;;;
00-00000184;Мигдаль Горіх;raw;kg;;;;;
00-00000026;Мигдальне борошно;raw;kg;;;;;
00-00000567;Фісташка горіх;raw;kg;;;;;
00-00000023;Фундук горіх;raw;kg;;;;;
00-00000425;Фундучне борошно;raw;kg;;;;;
00-00000189;Арахісова паста;raw;kg;;;;;
00-00000190;Арахісова паста з журавлиною;raw;kg;;;;;
00-00000017;Кеш'ю паста з білим шоколадом;raw;kg;;;;;
00-00000375;Кунжутна паста;raw;kg;;;;;
00-00000522;Марципанова мигдальна паста;raw;kg;;;;;
00-00000020;Мигдальна паста з банановим ізолятом;raw;kg;;;;;
00-00000414;Мигдальна паста класична;raw;kg;;;;;
00-00000424;Паста горіхова мигдаль з білим шоколадом;raw;kg;;;;;
00-00000423;Паста горіхова фундук з молочним шоколадом;raw;kg;;;;;
00-00000493;Паста кешью з кокосом та шоколадом;raw;kg;;;;;
00-00000536;Паста фундук з кокосом та шоколадом;raw;kg;;;;;
00-00000016;Фундучна паста з шоколадом АЛМАЗІВ;raw;kg;;;;;
00-00000188;Фундучна паста КЛАСИЧНА;raw;kg;;;;;
00-00000352;Ароматизатор апельсин;raw;kg;;;;;
00-00000526;Ароматизатор кола;raw;kg;;;;;
00-00000051;Ароматизатор мигдаль;raw;kg;;;;;
00-00000342;Ароматизатор полуниця;raw;kg;;;;;
00-00000552;Ароматизатор фісташка;raw;kg;;;;;
00-00000582;Ароматизатор фісташка;raw;kg;;;;;
00-00000264;Гліцерин харчовий;raw;kg;;;;;
00-00000240;Конфеті сині;raw;kg;;;;;
00-00000241;Конфеті срібні;raw;kg;;;;;
00-00000028;Олія м'яти перцевої;raw;kg;;;;;
00-00000337;Сухий барвник (античне золото);raw;kg;;;;;
00-00000013;Какао масло нерафіноване;raw;kg;;;;;
00-00000025;Какао порошок;raw;kg;;;;;
00-00000426;Шоколад білий без цукру;raw;kg;;;;;
00-00000654;Шоколад молочний без цукру;raw;kg;;;;;
00-00000022;Шоколад чорний без цукру;raw;kg;;;;;
00-00000009;Кокосова стружка medium;raw;kg;;;;;
00-00000010;Кокосове масло Extra virgin;raw;kg;;;;;
00-00000015;Кокосові вершки (кокосове молоко);raw;kg;;;;;
00-00000373;Мармелад ананас;raw;kg;;;;;
00-00000049;Мармелад вишневий;raw;kg;;;;;
00-00000518;Мармелад манго маракуйя;raw;kg;;;;;
00-00000330;"Мармелад медовий ""Апельсин""";raw;kg;;;;;
00-00000267;"Мармелад медовий ""Лохина""";raw;kg;;;;;
00-00000268;"Мармелад медовий ""Полуниця""";raw;kg;;;;;
00-00000242;Наліпка без цукру;raw;pcs;;;;;
00-00000243;Наліпка для НП;raw;pcs;;;;;
00-00000244;Наліпка прозора кружок;raw;pcs;;;;;
00-00000318;Пакувальні матеріали в асортименті;raw;kg;;;;;
00-00000270;Контейнер паперовий 135*175*25 (14.02);raw;pcs;;;;;
00-00000277;Контейнер паперовий 70*138*53;raw;pcs;;;;;
00-00000659;"Коробка ""Зарядись"" ""Арахіс"" 150 г.";packaging;pcs;;;;;
00-00000660;"Коробка ""Зарядись"" ""Кокос"" 125 г.";packaging;pcs;;;;;
00-00000661;"Коробка ""Зарядись"" ""Мигдаль"" 150 г.";packaging;pcs;;;;;
00-00000662;"Коробка ""Зарядись"" ""Мікс 5 смаків"" 145 г.";packaging;pcs;;;;;
00-00000663;"Коробка ""Зарядись"" ""Фісташка"" 150 г.";packaging;pcs;;;;;
00-00000664;"Коробка ""Зарядись"" ""Фундук"" 150 г.";packaging;pcs;;;;;
00-00000503;Коробка Bar 120*38*28;packaging;pcs;;;;;
00-00000459;"Коробка набір Collagen ""Мікс 3 смаки""";packaging;pcs;;;;;
00-00000447;Коробка набір Collagen мигдаль-марципан;packaging;pcs;;;;;
00-00000448;Коробка набір Collagen фундук-марципан;packaging;pcs;;;;;
00-00000449;Коробка набір Collagen шоко-мигдаль;packaging;pcs;;;;;
00-00000436;Коробка набір Winetime Мікс 4 смаки;packaging;pcs;;;;;
00-00000196;Коробка набір Банан;packaging;pcs;;;;;
00-00000197;Коробка набір Вишня Марципан;packaging;pcs;;;;;
00-00000528;Коробка набір Вишня Марципан (ЦУМ);packaging;pcs;;;;;
00-00000199;Коробка набір Мікс 5 цукерок;packaging;pcs;;;;;
00-00000198;Коробка набір Печиво Карамель;packaging;pcs;;;;;
00-00000527;Коробка набір Печиво Карамель (ЦУМ);packaging;pcs;;;;;
00-00000393;Коробка Толстікова банан-мигдаль;packaging;pcs;;;;;
00-00000392;Коробка Толстікова манго-маракуйя;packaging;pcs;;;;;
00-00000391;Коробка Толстікова ягідний протеїн;packaging;pcs;;;;;
00-00000271;Коробки подарункові серце 200*175*100 (14.02);packaging;pcs;;;;;
00-00000419;Новорічна шкарпетка;raw;pcs;;;;;
00-00000432;Пакет для кілограма 300*400;packaging;pcs;;;;;
00-00000431;Термоналіпка VERDE;raw;pcs;;;;;
00-00000054;Шоубокс - Універсальний;raw;pcs;;;;;
00-00000504;Шоубокс Bar 200*118*66;raw;pcs;;;;;
00-00000446;Шоубокс COLLAGEN (коробка на цукерки);packaging;pcs;;;;;
00-00000577;Шоубокс CollagenBar (коробка батончики);packaging;pcs;;;;;
00-00000346;Шоубокс БІЛИЙ для цукерок Winetime;raw;pcs;;;;;
00-00000570;Шоубокс ЗАРЯДИСЬ (коробка);packaging;pcs;;;;;
00-00000345;Шоубокс ЗЕЛЕНИЙ для батончиків (коробка);packaging;pcs;;;;;
00-00000360;Коробка для паски;packaging;pcs;;;;;
00-00000361;Наліпка на паску;raw;pcs;;;;;
00-00000363;Пакетик для паски;raw;pcs;;;;;
00-00000362;Робота паска;raw;pcs;;;;;
00-00000364;Формочка для паски;raw;pcs;;;;;
00-00000354;Алюлоза;raw;kg;;;;;
00-00000014;Кокосовий цукор;raw;kg;;;;;
00-00000422;Концентрат яблуневого соку;raw;kg;;;;;
00-00000610;Мед;raw;kg;;;;;
00-00000011;Сироп агави світлий;raw;kg;;;;;
00-00000280;Стевія;raw;kg;;;;;
00-00000591;Пакувальний матеріал Verde з фундуком та чорним шоколадом;raw;kg;;;;;
00-00000603;Пакувальний матеріал Verde зі смаком вишні та марципаном;raw;kg;;;;;
00-00000604;Пакувальний матеріал Verde цукерка з мигдалем та білим шоколадом;raw;kg;;;;;
00-00000302;Пакувальний матеріал Winetime цукерка зі смаком арахісу;raw;kg;;;;;
00-00000301;Пакувальний матеріал Winetime цукерка зі смаком карамелі;raw;kg;;;;;
00-00000303;Пакувальний матеріал Winetime цукерка зі смаком печива;raw;kg;;;;;
00-00000304;Пакувальний матеріал Winetime цукерка зі смаком фундука;raw;kg;;;;;
00-00000585;Пакувальний матеріал Батончик з вітаміном D3;raw;kg;;;;;
00-00000590;Пакувальний матеріал Батончик з вітаміном В12;raw;kg;;;;;
00-00000584;Пакувальний матеріал Батончик з гуараною;raw;kg;;;;;
00-00000586;Пакувальний матеріал Батончик з колагеном фісташка;raw;kg;;;;;
00-00000588;Пакувальний матеріал Батончик з магнієм;raw;kg;;;;;
00-00000587;Пакувальний матеріал Батончик з омега3;raw;kg;;;;;
00-00000589;Пакувальний матеріал Батончик з пептидами кокос;raw;kg;;;;;
00-00000306;Плівка флоу пак - Батончик апельсин-мармелад;packaging;kg;;;;;
00-00000305;Плівка флоу пак - Батончик Печиво-карамель 2;packaging;kg;;;;;
00-00000307;Плівка флоу пак - Батончик протеїн полуниця;packaging;kg;;;;;
00-00000035;Плівка флоу пак - Печиво-карамель;packaging;kg;;;;;
00-00000036;Плівка флоу пак - Цукерка Банан;packaging;kg;;;;;
00-00000041;Плівка флоу пак - Цукерка Вишня-марципан;packaging;kg;;;;;
00-00000038;Плівка флоу пак - Цукерка Кеш'ю;packaging;kg;;;;;
00-00000042;Плівка флоу пак - Цукерка м'ята;packaging;kg;;;;;
00-00000039;Плівка флоу пак - Цукерка Фундук;packaging;kg;;;;;
00-00000037;Плівка флоу пак - Цукерка шоко-банан;packaging;kg;;;;;
00-00000040;Плівка флоу пак - Цукерка Шоко-фундук;packaging;kg;;;;;
00-00000440;Плівка флоу-пак. Цукерка Колаген мигдаль-марципан;packaging;kg;;;;;
00-00000439;Плівка флоу-пак. цукерка Колаген фундук-марципан;packaging;kg;;;;;
00-00000441;Плівка флоу-пак. Цукерка Колаген Шоко-мигдаль;packaging;kg;;;;;
00-00000261;Ізолят горохового протеїну;raw;kg;;;;;
00-00000262;Протеїн гороховий полуничний;raw;kg;;;;;
00-00000027;Вода;raw;kg;;;;;
00-00000294;дріжджі;raw;kg;;;;;
00-00000295;журавлина;raw;kg;;;;;
00-00000129;крохмаль кукурудзяний;raw;kg;;;;;
00-00000292;масло гхі;raw;kg;;;;;
00-00000293;молоко соєве;raw;kg;;;;;
00-00000018;Паста фінікова;raw;kg;;;;;
00-00000181;Рис повітряний;raw;kg;;;;;
00-00000019;Сіль;raw;kg;;;;;
00-00000008;Суміш безглютенова універсальна;raw;kg;;;;;
00-00000492;Сухі сніданки екструдовані кульки рисові;raw;kg;;;;;
00-00000341;Фінік;raw;kg;;;;;
00-00000291;яйце;raw;kg;;;;;
00-00000287;Олія какао рафінована;raw;kg;;;;;
00-00000544;Батончик зарядись арахіс НФ;semi;pcs;;;;;
00-00000321;Горіх кешью смажений НФ 1 рів;semi;kg;;;;;
00-00000322;Горіх фундук смажений НФ 1 рів;semi;kg;;;;;
00-00000416;Емульсія на кокосове печиво;raw;kg;;;;;
00-00000128;Іріска НФ;semi;kg;;;;;
00-00000317;Какао масло нерафіноване НФ 1рів;semi;kg;;;;;
00-00000029;Карамель кокосова НФ;semi;kg;;;;;
00-00000359;Кето карамель НФ;semi;kg;;;;;
00-00000031;Кокосове печиво НФ;semi;kg;;;;;
00-00000657;Мальтитоловий сироп;raw;kg;;;;;
00-00000428;Марципан мигдаль НФ;semi;kg;;;;;
00-00000030;Марципан НФ;semi;kg;;;;;
00-00000427;Марципан фундук НФ;semi;kg;;;;;
00-00000316;Паста фінікова НФ 1 рів;semi;kg;;;;;
00-00000611;Печиво затяжне;raw;kg;;;;;
00-00000320;Сироп агави світлий НФ 1 рів;semi;kg;;;;;
00-00000658;Сорбітоловий сироп;raw;kg;;;;;
00-00000315;Цукерка банан НФ;semi;pcs;;;;;
00-00000323;Цукерка вишня-марципан НФ;semi;pcs;;;;;
00-00000324;Цукерка кешью НФ;semi;pcs;;;;;
00-00000325;Цукерка м'ята НФ;semi;pcs;;;;;
00-00000326;Цукерка печиво карамель НФ;semi;pcs;;;;;
00-00000327;Цукерка фундук НФ;semi;pcs;;;;;
00-00000328;Цукерка шокобанан НФ;semi;pcs;;;;;
00-00000329;Цукерка шокофундук НФ;semi;pcs;;;;;
00-00000319;Шоколад чорний без цукру НФ 1 рів;semi;kg;;;;;
00-00000175;Гофроящик 200*150*100;packaging;pcs;;;;;
00-00000344;Гофроящик 235*235*210;packaging;pcs;;;;;
00-00000627;Гофроящик 240*240*210;packaging;pcs;;;;;
00-00000249;Гофроящик 270*200*235;packaging;pcs;;;;;
00-00000114;Гофроящик 300*250*200;packaging;pcs;;;;;
00-00000247;Гофроящик 310*210*100;packaging;pcs;;;;;
00-00000339;Гофроящики 200*135*235;packaging;pcs;;;;;
00-00000276;Коробка самозбірна 200*150*100;packaging;pcs;;;;;
00-00000113;Коробка самозбірна 215*215*85;packaging;pcs;;;;;
00-00000248;Коробка самозбірна 350*250*70 Бура;packaging;pcs;;;;;
00-00000216;Коробка самозбірна 360*250*100 Бура;packaging;pcs;;;;;
00-00000180;Малярний папір;raw;pcs;;;;;
00-00000681;Пакет DP PET12 (180*280);packaging;pcs;;;;;
00-00000138;Пакет НП;packaging;pcs;;;;;
00-00000104;Пакувальна плівка;packaging;pcs;;;;;
00-00000105;Пакувальна Плівка L;packaging;pcs;;;;;
00-00000628;Папір силіконізований;raw;pcs;;;;;
00-00000496;Бухгалтерські послуги;service;pcs;;;;;services
00-00000159;Вивіз та утилізація відходів;service;pcs;;;;;utilities
00-00000281;Водопосточання;service;pcs;;;;;utilities
00-00000284;Госп.товари в ас;service;pcs;;;;;services
00-00000519;Дератизація;service;pcs;;;;;services
00-00000265;Доставка продуктів;service;pcs;;;;;logistics
00-00000638;"Доступ до онлайн-сервісу ""Вчасно""";service;pcs;;;;;services
00-00000613;Доступ до платформи Listex;service;pcs;;;;;services
00-00000497;Доступ до платформи EDI NETWORK;service;pcs;;;;;services
00-00000502;Доступ до програми MEDOC;service;pcs;;;;;services
00-00000583;Експлуатаційні послуги;service;pcs;;;;;utilities
00-00000165;Зміна конфігурації;service;pcs;;;;;services
00-00000156;Інтернет;service;pcs;;;;;utilities
00-00000162;Інформаційно-консультаційні послуги;service;pcs;;;;;services
00-00000402;Комісійна винагорода амбасадорам;service;pcs;;;;;marketing
00-00000155;Компенсація витрат ЕЕ;service;pcs;;;;;utilities
00-00000164;Консультування;service;pcs;;;;;services
00-00000499;Лабараторні аналізи;service;pcs;;;;;services
00-00000252;Логістичні послуги;service;pcs;;;;;logistics
00-00000257;Маркетингові послуги;service;pcs;;;;;marketing
00-00000534;Мерчендайзинг;service;pcs;;;;;marketing
00-00000382;МШП;service;pcs;;;;;services
00-00000510;Наглядова рада;service;pcs;;;;;services
00-00000163;Надання доступу до віддаленого серверу;service;pcs;;;;;services
00-00000179;обеспечение ексклюзивного представления продукции заказчиков;service;pcs;;;;;services
00-00000172;Організація перевезень відправлень;service;pcs;;;;;logistics
00-00000433;Оренда обладнення;service;pcs;;;;;rent
00-00000460;Послуга агенція СЕО;service;pcs;;;;;marketing
00-00000388;Послуга за вхід у мережу;service;pcs;;;;;services
00-00000520;Послуги агенція ppc;service;pcs;;;;;marketing
00-00000434;Послуги агенція трафік;service;pcs;;;;;marketing
00-00000157;Послуги клінінга;service;pcs;;;;;services
00-00000258;Послуги по зберіганню товару;service;pcs;;;;;services
00-00000251;Послуги у сфері маркетингу з питань стимуляції продажу, просунення продукції;service;pcs;;;;;marketing
00-00000245;Послуги, напр. на реалізацію та просування продукції;service;pcs;;;;;marketing
00-00000511;"Постачання примірника та пакетівоновлень Модуль ""Звітність""";service;pcs;;;;;services
00-00000618;"Постачання примірника та пакетівоновлень Модуль ""Інтеграція з обліковими системами""";service;pcs;;;;;services
00-00000622;Постачання примірника та пакетівоновлень Модуль «Електронний документообіг»;service;pcs;;;;;utilities
00-00000512;Постачання примірника та пакетівоновлень Модуль «Облік ПДВ»;service;pcs;;;;;services
00-00000338;Поточні ремонти приміщення;service;pcs;;;;;services
00-00000623;Пошук персоналу;service;pcs;;;;;services
00-00000463;Преспаки;service;pcs;;;;;services
00-00000160;Проби мікробіологія;service;pcs;;;;;services
00-00000535;Регулярні послуги;service;pcs;;;;;services
00-00000399;Реклама блогери;service;pcs;;;;;marketing
00-00000381;Реклама трафік фейсбук;service;pcs;;;;;marketing
00-00000501;Рекламні послуги;service;pcs;;;;;marketing
00-00000688;Ремонт приміщення;service;pcs;;;;;services
00-00000605;РКО;service;pcs;;;;;bank
00-00000283;Розробка сайту;service;pcs;;;;;marketing
00-00000438;Роялті;service;pcs;;;;;services
00-00000206;Сайт V-Verde.ua;service;pcs;;;;;marketing
00-00000174;СММ Послуги в Інстаграм;service;pcs;;;;;marketing
00-00000173;СММ Послуги в Тік-ток;service;pcs;;;;;marketing
00-00000435;СМС Розсилка;service;pcs;;;;;marketing
00-00000687;Страховка;service;pcs;;;;;services
00-00000154;Суборенда приміщення;service;pcs;;;;;rent
00-00000067;Транспортні послуги;service;pcs;;;;;logistics
00-00000533;Трафік Тік Ток ads;service;pcs;;;;;marketing
88787;Тренінги навчання персолану;service;pcs;;;;;services
00-00000158;Харчування;service;pcs;;;;;services
00-00000608;Членський внесок;service;pcs;;;;;services
00-00000609;Штраф;service;pcs;;;;;services
00-00000558;Батончик з колагеном кокос, 35 г.;finished;pcs;34;1806;4820277990370;35;
00-00000557;Батончик з колагеном фісташка, 30 г.;finished;pcs;0.01;1806;4820277990363;30;
00-00000282;Батончик мармелад-апельсин, 45 г;finished;pcs;0.01;1806;4820277990219;45;
00-00000279;Батончик печиво-карамель 2.0, 45 г;finished;pcs;34;1806;4820277990233;45;
00-00000263;Батончик протеїн-полуниця;finished;pcs;0.01;1806;4820277990226;;
00-00000482;Detox bar;raw;pcs;;;;;
00-00000483;Focus bar;raw;pcs;;;;;
00-00000465;Glow bar;raw;pcs;;;;;
00-00000484;Sleep bar;raw;pcs;;;;;
00-00000374;Батончик банан-мигдаль;finished;pcs;34;1806;;;
00-00000372;Батончик манго-маракуйя;finished;pcs;34;1806;;;
00-00000371;Батончик Ягідний протеїн;finished;pcs;34;1806;;;
00-00000553;Батончик Зарядись, вітамін D3-мигдаль, 30 г;finished;pcs;34;1806;4820277990325;30;
00-00000555;Батончик Зарядись, вітамін В12- фундук, 30 г;finished;pcs;34;1806;4820277990332;30;
00-00000547;Батончик Зарядись, гуарана-арахіс, 30 г;finished;pcs;34;1806;4820277990318;30;
00-00000548;Батончик Зарядись, магній-кокос, 25 г;finished;pcs;0.01;1806;4820277990349;25;
00-00000549;Батончик Зарядись, омега-3- фісташка, 30 г;finished;pcs;0.01;1806;4820277990356;30;
00-00000413;Батончик з фундуком Сільпо х VERDE;finished;pcs;34;;;;
00-00000415;Батончик протеїн-мигдаль Сільпо х VERDE;finished;pcs;34;;;;
00-00000412;Цукерка Winetime зі смаком фундука;finished;pcs;34;;;;
00-00000147;Дріп кава;raw;pcs;;;;;
00-00000135;Комплімент 1;raw;pcs;;;;;
00-00000136;Комплімент 2;raw;pcs;;;;;
00-00000043;Цукерка - Банан;finished;pcs;35;1806;;;
00-00000048;Цукерка - Вишня-марципан;finished;pcs;35;1806;4820277990028;;
00-00000045;Цукерка - Кеш'ю;finished;pcs;35;1806;;;
00-00000050;Цукерка - М'ята;finished;pcs;35;;;;
00-00000033;Цукерка - Печиво-карамель;finished;pcs;35;1806;4820277990080;;
00-00000046;Цукерка - Фундук;finished;pcs;35;;;;
00-00000044;Цукерка - Шоко-банан;finished;pcs;35;1806;;;
00-00000047;Цукерка - Шоко-фундук;finished;pcs;35;1806;4820277990035;;
00-00000255;Цукерка Winetime зі смаком арахісу;finished;pcs;34;1806;;;
00-00000256;Цукерка Winetime зі смаком карамелі;finished;pcs;34;1806;;;
00-00000253;Цукерка Winetime зі смаком печива;finished;pcs;34;1806;;;
00-00000254;Цукерка Winetime зі смаком фундука;finished;pcs;34;1806;;;
00-00000429;Цукерка з COLLAGEN мигдаль-марципан 15 г.;finished;pcs;34;1806;4820277990127;15;
00-00000358;Цукерка з COLLAGEN фундук-марципан 15 г.;finished;pcs;34;1806;4820277990042;15;
00-00000430;Цукерка з COLLAGEN шоко-мигдаль 15 г.;finished;pcs;34;1806;4820277990103;15;
00-00000679;Цукерка натхення Японії - Ананас;finished;pcs;34;;;;
00-00000680;Цукерка натхення Японії - Апельсин;finished;pcs;34;;;;
00-00000677;Цукерка натхення Японії - Вишня;finished;pcs;34;;;;
00-00000678;Цукерка натхення Японії - Манго-маракуйя;finished;pcs;34;;;;
00-00000676;Secret Box;raw;pcs;;;;;
00-00000289;ПАСКА;raw;kg;;;;;
00-00000300;ПЕРЕДЗАМОВЛЕННЯ. Шоколадний зайчик без цукру 100 г.;raw;kg;;;;;
00-00000296;ПЕРЕДЗАМОВЛЕННЯ.Паска-цукерка VERDE з шоколадно-горіховою начинкою;raw;pcs;;;;;
00-00000201;Аромамасло;raw;kg;;;;;
00-00000186;Вишня вялена без цукру;raw;pcs;;;;;
00-00000200;Вишня сублімована без цукру;raw;pcs;;;;;
00-00000516;Глазур кондитерська;raw;kg;;;;;
00-00000581;Докозагексаєнова кислота 10%;raw;kg;;;;;
00-00000580;Ейкозапентаєнова кислота 10%;raw;kg;;;;;
00-00000545;екстракт гуарани;raw;kg;;;;;
00-00000485;Емульгатор Choco Flow;raw;kg;;;;;
00-00000187;Журавлина;raw;kg;;;;;
00-00000517;Інулін;raw;kg;;;;;
00-00000379;Мармелад медовий Ананас-Манго;raw;kg;;;;;
00-00000380;Мармелад медовий Манго-Маракуйя;raw;kg;;;;;
00-00000486;Паста з грецького горіха бланшованого;raw;kg;;;;;
00-00000615;1 кг батончиків Collagen;raw;pcs;;;;;
00-00000614;1 кг батончиків Зарядись;raw;pcs;;;;;
00-00000672;1 кг батончиків VERDE!;raw;pcs;;;;;
00-00000537;1 кг Бестелерів VERDE!;raw;pcs;;;;;
00-00000401;1 кг знайомство з VERDE!;raw;pcs;;;;;
00-00000288;1 кг цукерок VERDE!;finished;pcs;2000;;;;
00-00000543;1 кг цукерок банан;finished;pcs;1200;;;;
00-00000540;1 кг цукерок вишня-марципан;finished;pcs;1200;1806;;;
00-00000541;1 кг цукерок печиво-карамель;finished;pcs;1200;;;;
00-00000542;1 кг цукерок шоко-фундук;finished;pcs;1200;;;;
00-00000420;Новорічний набір солодощів VERDE 1 кг!;raw;pcs;;;;;
00-00000649;Набір батончиків- Зарядись арахіс 150 г.;finished;pcs;199;;;150;
00-00000650;Набір батончиків- Зарядись кокос 125 г.;finished;pcs;199;;;125;
00-00000652;Набір батончиків- Зарядись мигдаль 150 г.;finished;pcs;199;;;150;
00-00000653;Набір батончиків- Зарядись Мікс 5 смаків 145 г.;finished;pcs;199;1806;4820277990424;145;
00-00000651;Набір батончиків- Зарядись фісташка 150 г.;finished;pcs;199;;;150;
00-00000648;Набір батончиків- Зарядись фундук 150 г.;finished;pcs;199;;;150;
00-00000458;"Набір цукерок COLLAGEN ""Мікс 3 смаки"" 5 шт 75 г.";finished;pcs;198;1806;4820277990288;75;
00-00000456;Набір цукерок COLLAGEN мигдаль-марципан 5 шт 75 г.;finished;pcs;198;1806;4820277990271;75;
00-00000455;Набір цукерок COLLAGEN фундук-марципан 5 шт 75 г.;finished;pcs;198;1806;4820277990295;75;
00-00000457;Набір цукерок COLLAGEN шоко-мигдаль 5 шт 75 г.;finished;pcs;198;1806;4820277990301;75;
00-00000192;"Набір цукерок ""Банан"" 5 шт 95 г.";finished;pcs;150;1806;4820277990158;95;
00-00000193;"Набір цукерок ""Вишня Марципан"" 5 шт 85 г.";finished;pcs;150;1806;4820277990141;85;
00-00000195;"Набір цукерок ""Мікс 5 Смаків"" 5 шт 90 г.";finished;pcs;150;1806;4820277990134;90;
00-00000194;"Набір цукерок ""Печиво Карамель"" 5 шт 95 г.";finished;pcs;150;1806;4820277990165;95;
00-00000437;Набір цукерок Winetime Мікс 5 шт. 95 г.;finished;pcs;34;1806;2700415870929;95;
00-00000665;Набір цукерок Бестселерів 3 смаки 86 г.;finished;pcs;34;1806;4820277990455;86;
00-00000273;"Набір міні-серденько ""вишня-марципан""";finished;pcs;300;;;;
00-00000274;"Набір велике серденько ""вишня-марципан""";finished;pcs;898;;;;
00-00000275;"Набір велике серденько ""скуштуй все""";finished;pcs;898;;;;
00-00000445;Набір Книга “СТРЕС КРІЗЬ – ЖИТТЯ МІЙ MOOD”+ Батончики Мікс VERDE&Tolctikova;finished;pcs;1409;;;;
00-00000444;Набір Книга “ТВІЙ ХРАМ - ЗДОРОВ’Я”+ Батончики Мікс VERDE&Tolctikova;finished;pcs;1409;;;;
00-00000643;Набір Книга “ТВІЙ ХРАМ - ЗДОРОВ’Я”+ Батончики ягідний протеїн VERDE&Tolctikova;finished;pcs;18;;;;
00-00000670;Сет Collagen Beauty;finished;pcs;659;;;;
00-00000671;Сет VERDE Start;finished;pcs;599;;;;
00-00000386;Сет мармеладний. 24 цукерки та 12 батончиків;finished;pcs;899;;;;
00-00000387;Сет печиво-карамель. 24 цукерки та 12 батончиків.;finished;pcs;1049;;;;
00-00000385;Сет Скуштуй все. 24 цукерки та 12 батончиків.;finished;pcs;999;;;;
00-00000669;Сет Тропічне літо;finished;pcs;1249;;;;
00-00000668;Сет Фруктове літо;finished;pcs;1699;;;;
00-00000531;ЦУМ Набір цукерок Вишня-марципан, 85 г;raw;pcs;;1806;;;
00-00000530;ЦУМ Набір цукерок Печиво-карамель, 95 г;raw;pcs;;1806;;;
00-00000507;Шоубокс батончиків Glow bar Marsea;raw;pcs;;;;;
00-00000523;Шоубокс батончиків Marsea Detox;raw;pcs;;;;;
00-00000525;Шоубокс батончиків Marsea Focus;raw;pcs;;;;;
00-00000506;Шоубокс батончиків Marsea MIX;raw;pcs;;;;;
00-00000508;Шоубокс батончиків Sleep bar Marsea;raw;pcs;;;;;
00-00000579;Шоубокс CollagenBar MIX;raw;pcs;;1806;;;
00-00000578;Шоубокс CollagenBar кокос;raw;pcs;;1806;;;
00-00000576;Шоубокс CollagenBar фісташка;raw;pcs;;1806;;;
00-00000336;Шоубокс батончиків - МІКС!;raw;pcs;;1806;;;
00-00000569;Шоубокс батончиків- Зарядись арахіс;raw;pcs;;1806;;;
00-00000573;Шоубокс батончиків- Зарядись кокос;raw;pcs;;1806;;;
00-00000574;Шоубокс батончиків- Зарядись мигдаль;raw;pcs;;1806;;;
00-00000575;Шоубокс батончиків- Зарядись МІКС;raw;pcs;;1806;;;
00-00000572;Шоубокс батончиків- Зарядись фісташка;raw;pcs;;1806;;;
00-00000571;Шоубокс батончиків- Зарядись фундук;raw;pcs;;1806;;;
00-00000333;Шоубокс батончиків- Мармелад-апельсин;raw;pcs;;1806;;;
00-00000335;Шоубокс батончиків- Печиво-карамель 2.0;raw;pcs;;1806;;;
00-00000334;Шоубокс батончиків- Протеїн-полуниця;raw;pcs;;1806;;;
00-00000396;Шоубокс батончиків- Банан-мигдаль;raw;pcs;;1806;;;
00-00000397;Шоубокс батончиків- Манго-маракуйя;raw;pcs;;1806;;;
00-00000398;Шоубокс батончиків- Мікс VERDExDr.TolstikovaxNAM;raw;pcs;;;;;
00-00000395;Шоубокс батончиків- Ягідний протеїн;raw;pcs;;1806;;;
00-00000331;Цукерка - Банан 1 од;finished;pcs;967;;;;
00-00000400;1 кг знайомство з VERDE!;raw;pcs;;;;;
00-00000683;Цукерки Натхнення Японії - Ананас 24 шт;finished;pcs;599;;;;
00-00000685;Цукерки Натхнення Японії - Апельсин 24 шт;finished;pcs;599;;;;
00-00000682;Цукерки Натхнення Японії - Вишня 24 шт;finished;pcs;599;;;;
00-00000684;Цукерки Натхнення Японії - Манго-маракуйя 24 шт;finished;pcs;599;;;;
00-00000686;Цукерки Натхнення Японії - Мікс 24 шт;finished;pcs;599;;;;
00-00000061;Шоубокс цукерок - Банан;finished;pcs;748;1806;;;
00-00000532;Шоубокс цукерок - Бестселери VERDE!;finished;pcs;748;1806;;;
00-00000056;Шоубокс цукерок - Вишня-марципан;finished;pcs;748;1806;4820277990196;;
00-00000064;Шоубокс цукерок - Горіховий;finished;pcs;694;;;;
00-00000059;Шоубокс цукерок - Кеш'ю;finished;pcs;694;;;;
00-00000053;Шоубокс цукерок - М'ята;finished;pcs;748;1806;;;
00-00000065;Шоубокс цукерок - Оригінальний;finished;pcs;748;;4820277990110;;
00-00000062;Шоубокс цукерок - Печиво-карамель;finished;pcs;748;1806;4820277990189;;
00-00000066;Шоубокс цукерок - Скуштуй все!;finished;pcs;748;1806;4820277990097;;
00-00000058;Шоубокс цукерок - Фундук;finished;pcs;694;;;;
00-00000060;Шоубокс цукерок - Шоко-банан;finished;pcs;748;1806;4820277990172;;
00-00000063;Шоубокс цукерок - Шоколадний;finished;pcs;748;;;;
00-00000057;Шоубокс цукерок - Шоко-фундук;finished;pcs;748;1806;4820277990202;;
00-00000509;Набір шоубоксів COLLAGEN Мікс – 6 шт. (144 цукерки);finished;pcs;3990;;;;
00-00000451;Шоубокс цукерок COLLAGEN - мигдаль-марципан;finished;pcs;895;;;;
00-00000461;Шоубокс цукерок COLLAGEN - Мікс;finished;pcs;895;1806;;;
00-00000452;Шоубокс цукерок COLLAGEN - фундук-марципан;finished;pcs;895;;;;
00-00000453;Шоубокс цукерок COLLAGEN - шоко-мигдаль;finished;pcs;895;1806;;;
00-00000178;Аудіо листівка;raw;pcs;;;;;
00-00000177;Аудіо листівка (Оборонці);raw;pcs;;;;;
00-00000169;Аудіо листівка (Редіс);raw;pcs;;;;;
00-00000143;Дріп-кава;finished;pcs;21;;;;
00-00000442;Книга “СТРЕС КРІЗЬ – ЖИТТЯ МІЙ MOOD”;finished;pcs;510;;;;
00-00000443;Книга “ТВІЙ ХРАМ - ЗДОРОВ’Я”;finished;pcs;510;;;;
00-00000144;Листівка А7;raw;pcs;;;;;
00-00000215;Осушувай повітря Cooper Hunter;raw;pcs;;;;;
00-00000403;Сети;raw;pcs;;;;;
00-00000559;Блендер Philips;raw;pcs;;;;;
00-00000560;Ваги ВТД 30 ФД;raw;pcs;;;;;
00-00000561;Ваги Електронні Центровес 30 кг;raw;pcs;;;;;
00-00000562;Ваги Електронні Центровес 6 кг ТЗДВ;raw;pcs;;;;;
00-00000563;Каструля 16*16;raw;pcs;;;;;
00-00000564;Каструля 20*14;raw;pcs;;;;;
00-00000565;Каструля 28*18 11л;raw;pcs;;;;;
00-00000214;Кондиціонер Мідеа;raw;pcs;;;;;
00-00000133;Листівка;raw;pcs;;;;;
00-00000202;Мікрохвильова піч;raw;pcs;;;;;
00-00000269;Обігрівач металевий Optilux 700HB, біл;raw;pcs;;;;;
00-00000246;Промо-стіл МІДІ з друком;raw;pcs;;;;;
00-00000689;Рукомийник;raw;pcs;;;;;
00-00000601;Фаршезмішувач-тістоміс FLN-25А;raw;pcs;;;;;
00-00000383;Ароматизатор Кокос;raw;kg;;;;;
00-00000384;Ароматизатор Лісові ягоди;raw;kg;;;;;
00-00000554;вітамін D3;raw;kg;;;;;
00-00000556;вітамін В12;raw;kg;;;;;
00-00000406;Гофролист 800*1200 Т22С;packaging;pcs;;;;;
00-00000409;Гофроящик 205*125*130 Т22С бурий (на 2 шб);packaging;pcs;;;;;
00-00000495;Гофроящик 210*130*140 Т22С бурий;packaging;pcs;;;;;
00-00000538;Гофроящик 230*190*285 Т22С бурий;packaging;pcs;;;;;
00-00000408;Гофроящик 270*200*160 Т22С бурий;packaging;pcs;;;;;
00-00000673;Гофроящик 280*105*290 бурий;packaging;pcs;;;;;
00-00000675;Гофроящик 296*267*270;packaging;pcs;;;;;
00-00000644;Гофроящик 390*260*330;packaging;pcs;;;;;
00-00000626;Гофроящик 400х350х285;packaging;pcs;;;;;
00-00000418;Гофроящик 400х400х400 на 36шб;packaging;pcs;;;;;
00-00000340;гофроящики 360*360*260;packaging;pcs;;;;;
00-00000568;Емульгатор Dimodan;raw;pcs;;;;;
00-00000674;Емульгатор Myvatex;raw;kg;;;;;
00-00000410;Емульгатор Муверол;raw;pcs;;;;;
00-00000278;Кольоропроба;service;pcs;;;;;services
00-00000539;Кондиціонер Olmo 24ка;raw;pcs;;;;;
00-00000417;Коробка самозбірна 236х117х71;packaging;pcs;;;;;
00-00000655;Мальтитол;raw;kg;;;;;
00-00000365;Мармелад медовий Ананас;raw;pcs;;;;;
00-00000146;Миша комп.;raw;pcs;;;;;
00-00000621;Набір скріпок Buromax 25мм 10уп по 100 шт;finished;pcs;34;;;;
00-00000551;омега 3;raw;kg;;;;;
00-00000624;Паперовий наповнювач;raw;pcs;;;;;
00-00000636;Папір офісний;raw;pack;;;;;
00-00000619;Папір офісний Maestro Standard ящик 5шт;raw;pcs;;;;;
00-00000068;Пере;raw;pcs;;;;;
00-00000407;Піддон Євро;packaging;pcs;;;;;
00-00000085;Пляшка пет 500мл;raw;pcs;;;;;
00-00000101;Рукавчики Нітрилові;raw;pcs;;;;;
00-00000100;Серветка вкладиш;raw;pcs;;;;;
00-00000667;Символ до термодатера;raw;pcs;;;;;
00-00000656;Сорбітол;raw;kg;;;;;
00-00000208;Стіл виробничий з двома полицями пристінний (+ борт правий) Д=1860мм, Ш=800мм;raw;pcs;;;;;
00-00000209;Стіл виробничий з двома полицями пристінний Д=1745мм, Ш= 800мм;raw;pcs;;;;;
00-00000210;Стіл виробничий з двома полицями пристінний Д=930мм, Ш= 800мм;raw;pcs;;;;;
00-00000228;Стіл офісний;raw;pcs;;;;;
00-00000625;Стретч-плівка;packaging;pcs;;;;;
00-00000500;Стрічка поліпропіленова з липким шаром;packaging;pcs;;;;;
00-00000007;Тестова;raw;pcs;;;;;
00-00000462;Топильна Машина;raw;pcs;;;;;
00-00000343;файл;raw;pcs;;;;;
00-00000620;Файл-кишеня Economix А4 100шт;raw;pcs;;;;;
00-00000213;Фен будівельний;raw;pcs;;;;;
00-00000550;фісташкове борошно;raw;kg;;;;;
00-00000137;Хладоген;raw;pcs;;;;;
00-00000212;Цифри для датера;packaging;pcs;;;;;
00-00000513;Цифри до NY-805;packaging;pcs;;;;;
00-00000134;Чай чорний гладоген;raw;pcs;;;;;
00-00000168;Шоубокс - Горіховий_ НЕ ВИБИРАТИ;raw;pcs;;;;;
00-00000524;Шоубокс батончиків Focus bar Marsea (НЕ ПРОБИВАТИ);raw;pcs;;;;;
00-00000599;Штемпельний ролик фарбуючий білий;raw;pcs;;;;;
00-00000600;Штемпельний ролик фарбуючий чорний;raw;pcs;;;;;
00-00000641;Юридичні послуги;service;pcs;;;;;services